date,close_spx,close_xci,close_orcl,vol_orcl
1/2/19,"2,510.03",2513.669922,43.030037,14320400
1/3/19,"2,447.89",2386.850098,42.611343,19868700
1/4/19,"2,531.94",2498.820068,44.447872,20984000
1/7/19,"2,549.69",2513.889893,45.152031,17967900
1/8/19,"2,574.41",2542.120117,45.561203,16255700
1/9/19,"2,584.96",2571.699951,45.466049,19100200
1/10/19,"2,596.64",2576.889893,45.504112,16652700
1/11/19,"2,596.26",2569.060059,45.951344,16397400
1/14/19,"2,582.61",2547.719971,45.846672,14869400
1/15/19,"2,610.30",2598.639893,46.219265,12142100
1/16/19,"2,616.10",2598.02002,45.913559,14114000
1/17/19,"2,635.96",2616.949951,46.410324,12711200
1/18/19,"2,670.71",2654.209961,47.069508,15930600
1/22/19,"2,632.90",2602.73999,46.75425,13318700
1/23/19,"2,638.70",2613.840088,47.040855,15551200
1/24/19,"2,642.33",2631.280029,47.002644,11442200
1/25/19,"2,664.76",2671.070068,47.575836,16656600
1/28/19,"2,643.85",2630.73999,47.30835,11799100
1/29/19,"2,640.00",2596.929932,47.394321,10838600
1/30/19,"2,681.05",2687.570068,48.110836,13483800
1/31/19,"2,704.10",2724.669922,47.986637,20403600
2/1/19,"2,706.53",2724.72998,48.540733,14849600
2/4/19,"2,724.87",2777.139893,48.7509,12221200
2/5/19,"2,737.70",2805.120117,48.951534,13345500
2/6/19,"2,731.61",2801.889893,48.970634,9220900
2/7/19,"2,706.05",2754.469971,47.977081,14905000
2/8/19,"2,707.88",2762.929932,48.7509,11535600
2/11/19,"2,709.80",2756.77002,48.941975,9714500
2/12/19,"2,744.73",2792.290039,48.932423,14188500
2/13/19,"2,753.03",2792.73999,49.123482,11342600
2/14/19,"2,745.73",2798.189941,49.180809,11155300
2/15/19,"2,775.60",2808.76001,49.410088,13822200
2/19/19,"2,779.76",2811.129883,49.696693,12357500
2/20/19,"2,784.70",2809.780029,49.457859,13440900
2/21/19,"2,774.88",2804.840088,49.782681,14759500
2/22/19,"2,792.67",2839.27002,50.136143,11689700
2/25/19,"2,796.11",2858.439941,50.21257,14722200
2/26/19,"2,793.90",2863.030029,50.250782,12041300
2/27/19,"2,792.38",2856.22998,50.040611,10674200
2/28/19,"2,784.49",2841.219971,49.801781,31856900
3/1/19,"2,803.69",2862.800049,50.16481,15757700
3/4/19,"2,792.81",2870.719971,49.715801,14850100
3/5/19,"2,789.65",2875.419922,50.021511,16291900
3/6/19,"2,771.45",2862.419922,50.011951,12389300
3/7/19,"2,748.93",2830.570068,50.231686,16624100
3/8/19,"2,743.07",2831.800049,50.413193,15071100
3/11/19,"2,783.30",2897.110107,50.308102,20027700
3/12/19,"2,791.52",2915.969971,50.441856,18048500
3/13/19,"2,810.92",2935.159912,50.690239,19490800
3/14/19,"2,808.48",2930.76001,50.680687,24000300
3/15/19,"2,822.48",2952.800049,50.575603,43340200
3/18/19,"2,832.94",2958.649902,51.07238,21953600
3/19/19,"2,832.57",2969.409912,51.626476,19214000
3/20/19,"2,824.23",2977.929932,50.288998,24111600
3/21/19,"2,854.88",3044.47998,51.626476,16686300
3/22/19,"2,800.71",2976.679932,50.413193,16201500
3/25/19,"2,798.36",2965.189941,50.384537,11755900
3/26/19,"2,818.46",2973.080078,50.900421,11657600
3/27/19,"2,805.37",2955.080078,50.451412,12636000
3/28/19,"2,815.44",2959.209961,50.81443,9103100
3/29/19,"2,834.40",2986.669922,51.311211,11485700
4/1/19,"2,867.19",3027.199951,52.142357,15191700
4/2/19,"2,867.24",3048.580078,51.731564,10812100
4/3/19,"2,873.40",3071.76001,51.645592,12853400
4/4/19,"2,879.39",3070.219971,51.416302,9978800
4/5/19,"2,892.74",3079.610107,51.521389,10016300
4/8/19,"2,895.77",3090.379883,51.32077,10126700
4/9/19,"2,878.20",3080,51.425858,9789000
4/10/19,"2,888.21",3101.47998,51.790508,8477300
4/11/19,"2,888.32",3098.370117,51.617775,8147600
4/12/19,"2,907.41",3118.199951,52.299107,9014000
4/15/19,"2,905.58",3118.030029,52.423859,7694900
4/16/19,"2,907.06",3123.459961,52.385468,7265200
4/17/19,"2,900.45",3141.139893,52.279919,7792200
4/18/19,"2,905.03",3150.76001,52.318298,8233000
4/22/19,"2,907.97",3163.689941,52.414253,6088100
4/23/19,"2,933.68",3202.340088,52.721336,10923400
4/24/19,"2,927.25",3195.969971,52.951645,8769800
4/25/19,"2,926.17",3223.01001,52.788498,8226100
4/26/19,"2,939.88",3203.360107,53.172352,7101600
4/29/19,"2,943.03",3212.219971,52.855682,6443000
4/30/19,"2,945.83",3185.100098,53.095585,10562300
5/1/19,"2,923.73",3185.580078,52.663761,7792700
5/2/19,"2,917.52",3165.969971,52.395061,9652200
5/3/19,"2,945.64",3205.669922,52.577396,11066500
5/6/19,"2,932.47",3178.899902,52.634972,9305400
5/7/19,"2,884.05",3110.189941,51.819294,11712400
5/8/19,"2,879.42",3102.590088,51.8097,10729800
5/9/19,"2,870.72",3079.52002,52.0592,10711800
5/10/19,"2,881.40",3077.530029,52.443054,11200300
5/13/19,"2,811.87",2957.02002,51.272316,10664700
5/14/19,"2,834.41",2988.47998,51.94405,11520800
5/15/19,"2,850.96",3034.26001,52.356686,8573000
5/16/19,"2,876.32",3064.370117,52.433449,10013800
5/17/19,"2,859.53",3038.179932,52.299107,9057100
5/20/19,"2,840.23",2976.570068,51.493023,9820200
5/21/19,"2,864.36",3015.439941,51.982437,8482000
5/22/19,"2,856.27",3002.02002,52.011223,8389700
5/23/19,"2,822.24",2949.320068,50.936455,11213900
5/24/19,"2,826.06",2944.340088,50.638966,9090700
5/28/19,"2,802.39",2936.889893,49.66016,28230400
5/29/19,"2,783.02",2913.699951,49.602581,12448700
5/30/19,"2,788.86",2927.449951,49.631371,8569500
5/31/19,"2,752.06",2868.02002,48.556599,11847100
6/3/19,"2,744.45",2789.350098,48.211143,17434400
6/4/19,"2,803.27",2876.47998,49.91925,17073200
6/5/19,"2,826.15",2901.590088,49.996025,15855300
6/6/19,"2,843.49",2931.26001,50.466236,10266900
6/7/19,"2,873.34",2994.26001,51.10918,11591800
6/10/19,"2,886.73",3031.23999,51.828892,12984600
6/11/19,"2,885.72",3044.129883,51.761719,11288400
6/12/19,"2,879.84",3018.149902,51.454632,10235400
6/13/19,"2,891.64",3034.780029,51.665756,11289100
6/14/19,"2,886.98",3016.98999,51.128372,12973000
6/17/19,"2,889.67",3039.800049,50.984436,15207900
6/18/19,"2,917.75",3091.780029,50.763721,20999700
6/19/19,"2,926.46",3095.820068,50.552605,35449500
6/20/19,"2,954.18",3137.929932,54.688553,54173900
6/21/19,"2,950.46",3132.899902,53.853691,45169000
6/24/19,"2,945.35",3142.030029,54.44865,19544200
6/25/19,"2,917.38",3077.030029,53.805706,25462100
6/26/19,"2,913.78",3109.959961,54.371872,15045200
6/27/19,"2,924.92",3117.129883,54.47744,12605800
6/28/19,"2,941.76",3118.699951,54.669361,42570500
7/1/19,"2,964.33",3161.639893,55.667358,20413000
7/2/19,"2,973.01",3175.129883,56.09919,17569600
7/3/19,"2,995.82",3197.110107,56.483036,9989100
7/5/19,"2,990.41",3193.409912,56.886066,13838900
7/8/19,"2,975.95",3167.280029,57.125977,16105600
7/9/19,"2,979.63",3180.129883,57.193146,14348600
7/10/19,"2,993.07",3215.389893,57.72094,16059100
7/11/19,"2,999.91",3218.840088,57.567402,11150200
7/12/19,"3,013.77",3248.469971,57.394672,11234300
7/15/19,"3,014.30",3257.01001,57.125977,10721600
7/16/19,"3,004.04",3232.590088,56.470802,9698900
7/17/19,"2,984.42",3217.97998,55.873428,9090900
7/18/19,"2,995.11",3239.040039,55.99868,11882300
7/19/19,"2,976.61",3216.830078,55.439846,11663500
7/22/19,"2,985.03",3264.550049,55.497662,8761700
7/23/19,"3,005.47",3283.709961,55.353138,8141100
7/24/19,"3,019.56",3309.169922,55.989052,10778700
7/25/19,"3,003.67",3280.659912,56.162479,8175900
7/26/19,"3,025.86",3320.800049,56.364819,6057200
7/29/19,"3,020.97",3316.48999,55.940876,7439300
7/30/19,"3,013.18",3299.360107,55.391674,6367200
7/31/19,"2,980.38",3256.820068,54.24511,11966700
8/1/19,"2,953.56",3237.100098,53.840439,10215200
8/2/19,"2,932.05",3181.77002,53.801899,12644400
8/5/19,"2,844.74",3052.409912,51.797817,16204600
8/6/19,"2,881.77",3098.570068,51.990513,13149500
8/7/19,"2,883.98",3110.050049,51.393147,16344100
8/8/19,"2,938.09",3186.26001,52.655331,12460700
8/9/19,"2,918.65",3143.469971,51.932705,8471300
8/12/19,"2,882.70",3108.72998,51.306431,6580100
8/13/19,"2,926.32",3187.449951,52.000149,11014800
8/14/19,"2,840.60",3082.790039,50.410378,12489200
8/15/19,"2,847.60",3066.530029,50.670525,11257000
8/16/19,"2,888.68",3122.370117,51.634022,9913100
8/19/19,"2,923.65",3176.629883,51.903801,8273100
8/20/19,"2,900.51",3151.330078,51.046284,7577800
8/21/19,"2,924.43",3183.169922,51.296795,6113100
8/22/19,"2,922.95",3168.659912,51.248619,6744900
8/23/19,"2,847.11",3054.959961,49.697392,11374500
8/26/19,"2,878.38",3099.840088,50.227318,8582300
8/27/19,"2,869.16",3093.47998,50.477818,13853100
8/28/19,"2,887.94",3098.01001,50.053875,7499000
8/29/19,"2,924.58",3154.070068,50.256214,6858000
8/30/19,"2,926.46",3153.570068,50.15987,7920000
9/3/19,"2,906.27",3110.27002,49.996067,10128000
9/4/19,"2,937.78",3168.129883,51.036655,10558300
9/5/19,"2,976.00",3238.580078,51.874897,10414500
9/6/19,"2,978.71",3227.080078,51.219719,11636100
9/9/19,"2,978.43",3227.340088,52.549351,17803800
9/10/19,"2,979.39",3230.22998,53.445404,19976400
9/11/19,"3,000.93",3271.949951,54.235477,16749400
9/12/19,"3,009.57",3274.899902,51.923073,28184400
9/13/19,"3,007.39",3254.98999,51.788177,14736700
9/16/19,"2,997.96",3244.51001,51.200447,15204200
9/17/19,"3,005.70",3255.47998,50.9403,11111400
9/18/19,"3,006.73",3263.409912,50.641613,8911800
9/19/19,"3,006.79",3276.100098,51.42205,14855000
9/20/19,"2,992.07",3243.600098,51.518402,59517000
9/23/19,"2,991.78",3246.169922,52.048328,13863100
9/24/19,"2,966.60",3202.939941,51.402782,15354800
9/25/19,"2,984.87",3250.77002,51.874897,11607200
9/26/19,"2,977.62",3242.060059,51.990513,13324300
9/27/19,"2,961.79",3203.939941,52.115772,12391100
9/30/19,"2,976.74",3235.379883,53.021461,17445100
10/1/19,"2,940.25",3203.050049,51.836357,16443200
10/2/19,"2,887.61",3142.189941,51.210087,15923700
10/3/19,"2,910.63",3183.550049,51.894165,11268500
10/4/19,"2,952.01",3235.399902,53.127445,13659500
10/7/19,"2,938.79",3224.439941,52.799854,12352100
10/8/19,"2,893.06",3172.280029,52.077236,14771500
10/9/19,"2,919.40",3215.189941,52.774048,12803100
10/10/19,"2,938.13",3236.879883,53.703136,13789000
10/11/19,"2,970.27",3286.810059,55.058044,18675200
10/14/19,"2,966.15",3280.719971,54.641899,11079600
10/15/19,"2,995.68",3325.649902,54.535442,9150100
10/16/19,"2,989.69",3309.110107,54.08057,8912300
10/17/19,"2,997.95",3306.459961,53.286976,9917700
10/18/19,"2,986.20",3276.98999,52.7934,12562900
10/21/19,"3,006.72",3313.459961,53.354725,8256600
10/22/19,"2,995.99",3280.969971,52.367573,7777100
10/23/19,"3,004.52",3296.350098,52.386929,10491000
10/24/19,"3,010.29",3318.340088,52.512737,6449200
10/25/19,"3,022.55",3358.76001,52.425632,6307000
10/28/19,"3,039.42",3403.350098,52.880505,7280200
10/29/19,"3,036.89",3361.610107,53.035355,8333900
10/30/19,"3,046.77",3372.389893,53.083744,6284900
10/31/19,"3,037.56",3381.659912,52.735336,8260600
11/1/19,"3,066.91",3420.149902,53.228916,7313600
11/4/19,"3,078.27",3455.75,53.664421,8757000
11/5/19,"3,074.62",3459.26001,53.877331,10759300
11/6/19,"3,076.78",3454.370117,53.906372,10572100
11/7/19,"3,085.18",3471.350098,54.177353,9677700
11/8/19,"3,093.08",3487.629883,54.670933,5869600
11/11/19,"3,087.01",3482.030029,54.612862,5018000
11/12/19,"3,091.84",3499.040039,54.767715,6184900
11/13/19,"3,094.04",3503.540039,54.399948,6802300
11/14/19,"3,096.63",3497.26001,54.283813,9056100
11/15/19,"3,120.46",3536.649902,54.60318,7216900
11/18/19,"3,122.03",3544.290039,54.380592,6923300
11/19/19,"3,120.18",3544.98999,54.458012,7199500
11/20/19,"3,108.46",3515.570068,54.428982,9117000
11/21/19,"3,103.54",3508.459961,54.419304,8067100
11/22/19,"3,110.29",3508.949951,54.57415,6346900
11/25/19,"3,133.64",3558.199951,54.738682,7977700
11/26/19,"3,140.52",3553.780029,54.690292,12076900
11/27/19,"3,153.63",3573.330078,54.787071,5790000
11/29/19,"3,140.98",3557.389893,54.332203,6479400
12/2/19,"3,113.87",3512.459961,53.645065,14314000
12/3/19,"3,093.20",3484.459961,52.832115,11963700
12/4/19,"3,112.76",3508.939941,52.657909,11436800
12/5/19,"3,117.43",3524.97998,52.919212,10557400
12/6/19,"3,145.91",3569.5,53.064384,9088600
12/9/19,"3,135.96",3555.439941,53.528931,11996700
12/10/19,"3,132.52",3560.550049,54.022511,10719700
12/11/19,"3,141.63",3582.52002,54.496735,12159600
12/12/19,"3,168.57",3606.090088,54.651569,15413200
12/13/19,"3,168.80",3613.189941,52.754684,21427700
12/16/19,"3,191.45",3652.219971,52.251438,19951000
12/17/19,"3,192.52",3647.129883,51.13847,19778400
12/18/19,"3,191.14",3651.459961,51.67075,14123100
12/19/19,"3,205.37",3677.27002,51.525589,11910100
12/20/19,"3,221.22",3690.439941,51.873989,27423700
12/23/19,"3,224.01",3708.429932,51.980453,10591500
12/24/19,"3,223.38",3705.919922,51.719143,3331700
12/26/19,"3,239.91",3741.360107,51.844959,6702000
12/27/19,"3,240.02",3738.209961,51.738503,7262000
12/30/19,"3,221.29",3713.830078,51.002975,5936100
12/31/19,"3,230.78",3730.870117,51.273956,7094500
1/2/20,"3,257.85",3803.149902,52.212719,13899600
1/3/20,"3,234.85",3763.379883,52.028839,11026700
1/6/20,"3,246.28",3786.73999,52.299831,10982400
1/7/20,"3,237.18",3779.860107,52.415958,12015400
1/8/20,"3,253.05",3818.070068,52.620102,11856700
1/9/20,"3,274.70",3864.560059,52.863129,10671000
1/10/20,"3,265.35",3857.73999,52.931175,9734800
1/13/20,"3,288.13",3911.600098,53.057552,10858900
1/14/20,"3,283.15",3884.01001,53.349186,12627200
1/15/20,"3,289.29",3885.459961,53.232529,9090800
1/16/20,"3,316.81",3936.699951,53.883839,9866000
1/17/20,"3,329.62",3963.590088,53.592205,11166600
1/21/20,"3,320.79",3955.469971,53.679699,8773000
1/22/20,"3,321.75",3970.179932,53.193645,6380500
1/23/20,"3,325.54",3986.47998,53.446392,6583200
1/24/20,"3,295.47",3970.040039,52.561779,6426000
1/27/20,"3,243.63",3872.389893,51.220268,8259100
1/28/20,"3,276.24",3949.72998,51.968792,8620300
1/29/20,"3,273.40",3976.639893,51.716045,6332500
1/30/20,"3,283.66",3980.129883,51.822975,7176200
1/31/20,"3,225.52",3873.649902,50.986969,8884700
2/3/20,"3,248.92",3927.889893,51.609112,8892500
2/4/20,"3,297.59",4020.600098,52.532612,9769800
2/5/20,"3,334.69",4052.870117,53.213093,9612900
2/6/20,"3,345.78",4102.680176,53.183922,8832000
2/7/20,"3,327.71",4072.97998,53.193645,7864800
2/10/20,"3,352.09",4128,53.45612,7198200
2/11/20,"3,357.75",4100.560059,53.611649,8466600
2/12/20,"3,379.45",4150.259766,54.175472,7541100
2/13/20,"3,373.94",4132.040039,53.767189,8480100
2/14/20,"3,380.16",4147.450195,53.922722,7496800
2/18/20,"3,370.29",4139.850098,53.903278,7185700
2/19/20,"3,386.15",4177.350098,53.893562,6819200
2/20/20,"3,373.23",4132.339844,53.961613,6114600
2/21/20,"3,337.75",4033.189941,53.154762,9078600
2/24/20,"3,225.89",3852.530029,51.181389,10992500
2/25/20,"3,128.21",3749.629883,49.538525,12202600
2/26/20,"3,116.39",3780.050049,50.598125,16413100
2/27/20,"2,978.76",3563.689941,49.363548,16161100
2/28/20,"2,954.22",3598.26001,48.080372,24426000
3/2/20,"3,090.23",3801.23999,49.480202,17328500
3/3/20,"3,003.37",3651.709961,47.487385,21830500
3/4/20,"3,130.12",3803.459961,49.130245,14813700
3/5/20,"3,023.94",3676.709961,46.661091,15843000
3/6/20,"2,972.37",3604.219971,46.048664,24581400
3/9/20,"2,746.56",3344.050049,44.726597,25949300
3/10/20,"2,882.23",3555.51001,47.224915,27067700
3/11/20,"2,741.38",3388.830078,43.472588,24139200
3/12/20,"2,480.64",3052.02002,38.689823,24123800
3/13/20,"2,711.02",3430.929932,46.593048,28339400
3/16/20,"2,386.13",2954.649902,41.528378,27493700
3/17/20,"2,529.19",3148.669922,45.552887,25588900
3/18/20,"2,398.10",3036.780029,45.951454,29557000
3/19/20,"2,409.39",3073.169922,43.81282,20159100
3/20/20,"2,304.92",2953.01001,44.376644,26340800
3/23/20,"2,237.40",2940.149902,42.957359,23063700
3/24/20,"2,447.33",3207.139893,46.505554,19323700
3/25/20,"2,475.56",3163.570068,44.65855,25625800
3/26/20,"2,630.07",3360.540039,49.071911,22417900
3/27/20,"2,541.47",3220.860107,48.440048,20025300
3/30/20,"2,626.65",3365.860107,48.955261,20611900
3/31/20,"2,584.59",3331.169922,46.981892,15802000
4/1/20,"2,470.50",3182.75,47.351284,17918200
4/2/20,"2,526.90",3248.840088,48.410881,16434400
4/3/20,"2,488.65",3194.929932,48.022038,13362500
4/6/20,"2,663.68",3450.340088,50.053745,13845800
4/7/20,"2,659.41",3424.25,49.344101,14063000
4/8/20,"2,749.98",3504.02002,50.916634,15710700
4/9/20,"2,789.82",3501.580078,51.942196,15521200
4/13/20,"2,761.63",3529.919922,51.737083,12694800
4/14/20,"2,846.06",3679.959961,52.743107,11674600
4/15/20,"2,783.36",3626.379883,51.922653,10398100
4/16/20,"2,799.55",3680.129883,52.450089,14098300
4/17/20,"2,874.56",3700.419922,53.348675,13608800
4/20/20,"2,823.16",3642.02002,52.655197,10358900
4/21/20,"2,736.56",3494.050049,50.115723,14111700
4/22/20,"2,799.31",3631.389893,51.053371,9668300
4/23/20,"2,797.80",3620.550049,50.760357,10330200
4/24/20,"2,836.74",3689.830078,51.77615,9403500
4/27/20,"2,878.48",3696.850098,52.127769,9123200
4/28/20,"2,863.39",3622.27002,51.961727,8350500
4/29/20,"2,939.51",3793.449951,52.6259,9064100
4/30/20,"2,912.43",3816.439941,51.737083,11808800
5/1/20,"2,830.71",3719.48999,50.584541,8702400
5/4/20,"2,842.74",3772.290039,50.545479,7567900
5/5/20,"2,868.44",3819.76001,50.838497,7271800
5/6/20,"2,848.42",3843.73999,50.652916,7050000
5/7/20,"2,881.19",3886.860107,51.375687,7154700
5/8/20,"2,929.80",3942,52.323116,8130800
5/11/20,"2,930.19",3981.550049,52.284046,8138600
5/12/20,"2,870.12",3904.530029,51.053371,8598800
5/13/20,"2,820.00",3834.189941,50.4478,10274300
5/14/20,"2,852.50",3873.320068,51.678471,13794000
5/15/20,"2,863.70",3899.51001,51.688244,39055700
5/18/20,"2,953.91",3968.610107,51.912891,9901900
5/19/20,"2,922.94",3957.360107,51.121746,9805100
5/20/20,"2,971.61",4054.629883,51.668709,9115900
5/21/20,"2,948.51",4016.110107,51.004539,7464000
5/22/20,"2,955.45",4040.810059,51.395222,7211700
5/26/20,"2,991.77",4024.600098,51.551498,11200600
5/27/20,"3,036.13",4039.600098,51.961727,9228100
5/28/20,"3,029.73",4015.76001,52.371952,9465400
5/29/20,"3,044.31",4060.590088,52.518459,14734800
6/1/20,"3,055.73",4070.719971,51.824989,7363200
6/2/20,"3,080.82",4101.649902,52.03986,8756300
6/3/20,"3,122.87",4115.990234,52.244976,9188700
6/4/20,"3,112.35",4079.060059,51.619877,9696000
6/5/20,"3,193.93",4174.799805,52.723572,12210100
6/8/20,"3,232.39",4198.430176,53.817501,11519500
6/9/20,"3,207.18",4246.009766,52.918922,8852500
6/10/20,"3,190.14",4311.569824,52.850544,7436700
6/11/20,"3,002.10",4078.429932,50.115723,12805700
6/12/20,"3,041.31",4126.240234,50.652916,11537200
6/15/20,"3,066.59",4166.560059,52.010563,16038100
6/16/20,"3,124.74",4250.660156,53.319374,19380200
6/17/20,"3,113.49",4252.609863,50.320835,28692600
6/18/20,"3,115.34",4262.529785,52.440323,19259500
6/19/20,"3,097.74",4252.160156,53.133797,33051200
6/22/20,"3,117.86",4330.629883,53.837032,16705900
6/23/20,"3,131.29",4367.129883,53.905411,18695000
6/24/20,"3,050.33",4275.609863,53.172859,18287400
6/25/20,"3,083.76",4320.370117,53.260769,16008700
6/26/20,"3,009.05",4192.149902,52.918922,17969400
6/29/20,"3,053.24",4255.700195,53.485416,14366900
6/30/20,"3,100.29",4337.560059,53.983543,18885900
7/1/20,"3,115.86",4356.939941,54.198429,17856800
7/2/20,"3,130.01",4371.049805,54.637947,15478900
7/6/20,"3,179.72",4466.419922,55.282585,15309700
7/7/20,"3,145.32",4430.439941,54.99934,13232100
7/8/20,"3,169.94",4507.689941,55.341194,12582200
7/9/20,"3,152.05",4538.970215,56.190945,15692600
7/10/20,"3,185.04",4552.930176,56.054199,12615800
7/13/20,"3,155.22",4460.100098,55.683048,15965600
7/14/20,"3,197.52",4460.100098,56.104816,15510300
7/15/20,"3,226.56",4511.660156,55.535915,10570800
7/16/20,"3,215.57",4467.910156,54.751236,8779300
7/17/20,"3,224.73",4471.370117,53.848854,14344800
7/20/20,"3,251.84",4592.209961,54.339283,11469300
7/21/20,"3,257.30",4541.370117,54.839516,11875100
7/22/20,"3,276.02",4568.450195,54.937595,13842400
7/23/20,"3,235.66",4419.740234,54.692383,12576000
7/24/20,"3,215.63",4372.470215,54.584492,8939700
7/27/20,"3,239.41",4437.22998,54.280422,10319600
7/28/20,"3,218.44",4376.439941,54.290237,13030100
7/29/20,"3,258.44",4434.129883,54.633533,7242700
7/30/20,"3,246.22",4454.240234,54.19215,7633200
7/31/20,"3,271.12",4609.700195,54.388321,9355800
8/3/20,"3,294.61",4717.689941,54.908173,9164900
8/4/20,"3,306.51",4721.560059,54.927792,6364300
8/5/20,"3,327.77",4727.209961,54.437366,6629000
8/6/20,"3,349.16",4832.02002,54.221577,8169600
8/7/20,"3,351.28",4766.259766,54.172535,8772300
8/10/20,"3,360.47",4758,53.888084,10046900
8/11/20,"3,333.69",4650.970215,53.230915,8075100
8/12/20,"3,380.35",4772.109863,53.132828,9068200
8/13/20,"3,373.43",4776.080078,52.985703,8260300
8/14/20,"3,372.85",4773.97998,53.162258,5454400
8/17/20,"3,381.99",4795.169922,52.956276,9523700
8/18/20,"3,389.78",4829.069824,54.123493,21102600
8/19/20,"3,374.85",4814.910156,55.123962,16751500
8/20/20,"3,385.51",4898.799805,54.201954,10974800
8/21/20,"3,397.16",4970.359863,54.133301,9552000
8/24/20,"3,431.28",5013.240234,54.937595,7892100
8/25/20,"3,443.62",5044.930176,55.016064,7427000
8/26/20,"3,478.73",5165.029785,56.389259,11597600
8/27/20,"3,484.55",5139.109863,56.085197,15834700
8/28/20,"3,508.01",5178.310059,56.771793,8613800
8/31/20,"3,500.31",5212.660156,56.124432,18683500
9/1/20,"3,526.65",5316.140137,56.556011,10169500
9/2/20,"3,580.84",5371.77002,57.899773,14342800
9/3/20,"3,455.06",5043.689941,56.006725,15387400
9/4/20,"3,426.96",5043.689941,54.662956,14697200
9/8/20,"3,331.84",4734.200195,54.260811,16472800
9/9/20,"3,398.96",4886.370117,55.8596,13993200
9/10/20,"3,339.19",4768.330078,56.23233,20500900
9/11/20,"3,340.97",4734.470215,55.908642,40220600
9/14/20,"3,383.54",4816.939941,58.321545,50107400
9/15/20,"3,401.20",4870.899902,59.773205,30385600
9/16/20,"3,385.49",4771.560059,59.272972,21223300
9/17/20,"3,357.01",4713.359863,59.02776,22831200
9/18/20,"3,319.47",4624.720215,58.605991,49311700
9/21/20,"3,281.06",4624.720215,59.655506,32560400
9/22/20,"3,315.57",4747.649902,59.459328,13306000
9/23/20,"3,236.92",4593.629883,57.831116,15513500
9/24/20,"3,246.59",4629.600098,58.164604,9560500
9/25/20,"3,298.46",4746.160156,58.655033,9371900
9/28/20,"3,351.60",4822.75,58.439247,9356300
9/29/20,"3,335.47",4814.350098,58.331352,6340600
9/30/20,"3,363.00",4860,58.556946,11001500
10/1/20,"3,380.80",4909.169922,58.537331,7357700
10/2/20,"3,348.42",4771.569824,57.703609,7329800
10/5/20,"3,408.60",4885.819824,58.419628,6899200
10/6/20,"3,360.97",4795.299805,58.370586,9743600
10/7/20,"3,419.44",4870.509766,59.670551,8690900
10/8/20,"3,446.83",4903.310059,59.966,7202800
10/9/20,"3,477.14",4966.97998,60.222057,7355700
10/12/20,"3,534.22",5149.919922,60.527351,8275000
10/13/20,"3,511.93",5114.310059,60.044788,8896300
10/14/20,"3,488.67",5085.709961,60.034939,6651100
10/15/20,"3,483.34",5055.669922,59.601616,6251600
10/16/20,"3,483.81",5035.720215,59.375107,6070800
10/19/20,"3,426.92",4935.109863,58.715271,8311000
10/20/20,"3,443.12",4970.359863,58.8433,9241200
10/21/20,"3,435.56",4983.330078,58.764511,10114900
10/22/20,"3,453.49",4971.189941,58.784206,11900600
10/23/20,"3,465.39",4976.640137,58.991024,9739300
10/26/20,"3,400.97",4876.359863,56.617596,18876900
10/27/20,"3,390.68",4921.319824,56.213821,10806500
10/28/20,"3,271.03",4699.319824,54.746429,13910600
10/29/20,"3,310.11",4818.299805,55.169899,13573700
10/30/20,"3,269.96",4685.410156,55.258533,12602300
11/2/20,"3,310.24",4684.569824,55.59338,11413200
11/3/20,"3,369.16",4767.870117,55.938061,8911200
11/4/20,"3,443.44",4981.330078,55.632774,12054900
11/5/20,"3,510.45",5118.279785,55.80019,9017100
11/6/20,"3,509.44",5124.879883,55.938061,7510400
11/9/20,"3,550.50",5017.069824,55.977459,11486600
11/10/20,"3,545.53",4923.879883,55.810036,9015900
11/11/20,"3,572.66",5044.169922,56.331993,7724400
11/12/20,"3,537.01",5013.810059,55.59338,7324000
11/13/20,"3,585.15",5051.680176,56.046398,5870300
11/16/20,"3,626.91",5094.370117,56.282757,6309200
11/17/20,"3,609.53",5051.890137,56.253212,5569700
11/18/20,"3,567.79",4992.410156,55.396412,8998800
11/19/20,"3,581.87",5028.649902,55.59338,9643100
11/20/20,"3,557.54",4976.919922,54.854759,8395800
11/23/20,"3,577.59",4944.890137,55.228992,8235900
11/24/20,"3,635.41",5021.649902,56.696381,10427200
11/25/20,"3,629.65",5035.290039,56.538803,6848900
11/27/20,"3,638.35",5070.140137,56.883495,5627000
11/30/20,"3,621.63",5098.450195,56.844105,26676900
12/1/20,"3,662.45",5196.859863,57.848629,11855300
12/2/20,"3,669.01",5215.97998,58.183468,9330400
12/3/20,"3,666.72",5194.680176,58.370586,9783900
12/4/20,"3,699.12",5212.470215,59.05011,10872700
12/7/20,"3,691.96",5235.569824,58.892536,14922900
12/8/20,"3,702.25",5247.700195,58.134228,15237800
12/9/20,"3,672.82",5151.819824,58.823601,12204100
12/10/20,"3,668.10",5156.640137,58.5774,14219900
12/11/20,"3,663.46",5155.319824,59.690247,16209900
12/14/20,"3,647.49",5165.459961,59.837971,16193600
12/15/20,"3,694.62",5261.339844,60.921284,15506700
12/16/20,"3,701.17",5293.189941,61.82732,16119900
12/17/20,"3,722.48",5306.779785,62.644726,15320500
12/18/20,"3,709.41",5275.220215,64.072716,33728700
12/21/20,"3,694.92",5297.259766,63.501526,18210200
12/22/20,"3,687.26",5337.600098,64.161354,17136000
12/23/20,"3,690.01",5300.890137,64.309082,13075200
12/24/20,"3,703.06",5329.740234,63.974232,3796500
12/28/20,"3,735.36",5424.25,63.885609,6463500
12/29/20,"3,727.04",5393.589844,63.481831,7770200
12/30/20,"3,732.04",5361.069824,63.422745,6192000